{
  "generated_at": "2026-04-21T20:52:33.115925+00:00",
  "baselines": {
    "league_mu_pf_diff": -0.8905852417302799,
    "league_sd_pf_diff": 4.391636057172678,
    "league_mu_fta_diff": 1.539440203562341,
    "league_sd_fta_diff": 8.538573740535549,
    "league_mu_home_margin": 3.5419847328244276
  },
  "kpi": {
    "n_refs_total": 74,
    "n_refs_eligible": 12,
    "min_games_threshold": 30,
    "n_significant_raw_pf": 1,
    "n_significant_raw_fta": 2,
    "n_significant_holm_pf": 0,
    "n_significant_holm_fta": 0,
    "expected_false_positives_raw": 0.6,
    "permutation_mean_outlier_count": 0.555,
    "permutation_p_value": 0.417910447761194,
    "n_permutations": 200,
    "verdict": "null_result"
  },
  "per_ref": [
    {
      "ref_code": "OJIZ",
      "ref_name": "PERUGA, CARLOS",
      "ref_country": "ESP",
      "n_games": 33,
      "mean_pf_diff": 0.8181818181818182,
      "lo_pf_diff": -0.4401515151515151,
      "hi_pf_diff": 2.121212121212121,
      "mean_fta_diff": -1.8181818181818181,
      "lo_fta_diff": -4.0,
      "hi_fta_diff": 0.591666666666666,
      "mean_home_margin": 1.9393939393939394,
      "lo_home_margin": -2.1545454545454543,
      "hi_home_margin": 5.94090909090909,
      "z_pf": 2.2351850873374137,
      "z_fta": -2.258933474537777,
      "p_pf": 0.02540520010600278,
      "p_fta": 0.023887523354049867,
      "p_holm_pf": 0.30486240127203335,
      "p_holm_fta": 0.2754552931673864
    },
    {
      "ref_code": "OJCZ",
      "ref_name": "RADOVIC, SRETEN",
      "ref_country": "CRO",
      "n_games": 35,
      "mean_pf_diff": 0.4,
      "lo_pf_diff": -1.102142857142857,
      "hi_pf_diff": 2.144285714285713,
      "mean_fta_diff": -1.7428571428571429,
      "lo_fta_diff": -4.616428571428571,
      "hi_fta_diff": 1.043571428571428,
      "mean_home_margin": 5.171428571428572,
      "lo_home_margin": 1.7142857142857142,
      "hi_home_margin": 9.014999999999999,
      "z_pf": 1.738578779654788,
      "z_fta": -2.2741892924210885,
      "p_pf": 0.08210888181687381,
      "p_fta": 0.022954607763948864,
      "p_holm_pf": 0.903197699985612,
      "p_holm_fta": 0.2754552931673864
    },
    {
      "ref_code": "OACI",
      "ref_name": "BELOSEVIC, ILIJA",
      "ref_country": "SRB",
      "n_games": 32,
      "mean_pf_diff": -1.59375,
      "lo_pf_diff": -3.20390625,
      "hi_pf_diff": -0.28125,
      "mean_fta_diff": 2.03125,
      "lo_fta_diff": -1.125,
      "hi_fta_diff": 5.142968749999998,
      "mean_home_margin": 3.0625,
      "lo_home_margin": -1.1890625,
      "hi_home_margin": 8.282812499999999,
      "z_pf": -0.9057445788147073,
      "z_fta": 0.3258268209025104,
      "p_pf": 0.3650710612380985,
      "p_fta": 0.7445553849808206,
      "p_holm_pf": 1.0,
      "p_holm_fta": 1.0
    },
    {
      "ref_code": "OJDL",
      "ref_name": "MOGULKOC, EMIN",
      "ref_country": "TUR",
      "n_games": 32,
      "mean_pf_diff": -0.21875,
      "lo_pf_diff": -1.8796874999999997,
      "hi_pf_diff": 1.4539062499999993,
      "mean_fta_diff": 0.78125,
      "lo_fta_diff": -2.17265625,
      "hi_fta_diff": 3.5476562499999993,
      "mean_home_margin": 3.53125,
      "lo_home_margin": -0.8453124999999999,
      "hi_home_margin": 7.774218749999992,
      "z_pf": 0.8653891152782383,
      "z_fta": -0.5023053738569824,
      "p_pf": 0.38682525320494343,
      "p_fta": 0.6154527296980623,
      "p_holm_pf": 1.0,
      "p_holm_fta": 1.0
    },
    {
      "ref_code": "OJLM",
      "ref_name": "NEDOVIC, MILAN",
      "ref_country": "SLO",
      "n_games": 32,
      "mean_pf_diff": -0.28125,
      "lo_pf_diff": -1.96875,
      "hi_pf_diff": 1.125,
      "mean_fta_diff": -0.75,
      "lo_fta_diff": -3.92265625,
      "hi_fta_diff": 2.2664062499999993,
      "mean_home_margin": 5.34375,
      "lo_home_margin": 1.6679687500000002,
      "hi_home_margin": 8.830468749999998,
      "z_pf": 0.7848830382740135,
      "z_fta": -1.516767312437361,
      "p_pf": 0.4325221477625145,
      "p_fta": 0.12932544261627066,
      "p_holm_pf": 1.0,
      "p_holm_fta": 1.0
    },
    {
      "ref_code": "OJCL",
      "ref_name": "LOTTERMOSER, ROBERT",
      "ref_country": "GER",
      "n_games": 33,
      "mean_pf_diff": -1.4242424242424243,
      "lo_pf_diff": -2.8946969696969695,
      "hi_pf_diff": 0.13712121212121142,
      "mean_fta_diff": 3.303030303030303,
      "lo_fta_diff": -0.2295454545454544,
      "hi_fta_diff": 6.6075757575757565,
      "mean_home_margin": 2.3636363636363638,
      "lo_home_margin": -1.5083333333333329,
      "hi_home_margin": 5.701515151515148,
      "z_pf": -0.6980603758612989,
      "z_fta": 1.186504223897762,
      "p_pf": 0.48513943691177097,
      "p_fta": 0.23542323440023827,
      "p_holm_pf": 1.0,
      "p_holm_fta": 1.0
    },
    {
      "ref_code": "OJDF",
      "ref_name": "LATISEVS, OLEGS",
      "ref_country": "LAT",
      "n_games": 35,
      "mean_pf_diff": -1.3142857142857143,
      "lo_pf_diff": -2.6857142857142855,
      "hi_pf_diff": 0.14285714285714285,
      "mean_fta_diff": 2.7714285714285714,
      "lo_fta_diff": -0.27357142857142847,
      "hi_fta_diff": 5.643571428571429,
      "mean_home_margin": 4.057142857142857,
      "lo_home_margin": 0.19857142857142865,
      "hi_home_margin": 7.472142857142857,
      "z_pf": -0.5707772154026648,
      "z_fta": 0.8536017486791833,
      "p_pf": 0.5681506696152281,
      "p_fta": 0.3933256893035717,
      "p_holm_pf": 1.0,
      "p_holm_fta": 1.0
    },
    {
      "ref_code": "OJFC",
      "ref_name": "JAVOR, DAMIR",
      "ref_country": "SLO",
      "n_games": 30,
      "mean_pf_diff": -1.3333333333333333,
      "lo_pf_diff": -2.8841666666666668,
      "hi_pf_diff": -0.01583333333333409,
      "mean_fta_diff": 2.9,
      "lo_fta_diff": 0.11583333333333339,
      "hi_fta_diff": 5.987499999999996,
      "mean_home_margin": 6.5,
      "lo_home_margin": 1.8808333333333334,
      "hi_home_margin": 10.133333333333333,
      "z_pf": -0.5521931095981545,
      "z_fta": 0.8727561698106298,
      "p_pf": 0.5808160547036159,
      "p_fta": 0.38279599441932954,
      "p_holm_pf": 1.0,
      "p_holm_fta": 1.0
    },
    {
      "ref_code": "OACA",
      "ref_name": "RYZHYK, BORYS",
      "ref_country": "UKR",
      "n_games": 30,
      "mean_pf_diff": -1.3,
      "lo_pf_diff": -2.7175000000000002,
      "hi_pf_diff": 0.18416666666666592,
      "mean_fta_diff": 2.533333333333333,
      "lo_fta_diff": -0.08416666666666663,
      "hi_fta_diff": 5.284166666666666,
      "mean_home_margin": 1.2,
      "lo_home_margin": -3.120833333333333,
      "hi_home_margin": 5.268333333333332,
      "z_pf": -0.5106199501973739,
      "z_fta": 0.6375510752347708,
      "p_pf": 0.6096172034386664,
      "p_fta": 0.5237659521654214,
      "p_holm_pf": 1.0,
      "p_holm_fta": 1.0
    },
    {
      "ref_code": "OJIL",
      "ref_name": "HORDOV, TOMISLAV",
      "ref_country": "CRO",
      "n_games": 34,
      "mean_pf_diff": -1.1764705882352942,
      "lo_pf_diff": -2.250735294117647,
      "hi_pf_diff": -0.08823529411764706,
      "mean_fta_diff": 2.2941176470588234,
      "lo_fta_diff": -0.3838235294117646,
      "hi_fta_diff": 4.885294117647057,
      "mean_home_margin": 5.852941176470588,
      "lo_home_margin": 1.7352941176470589,
      "hi_home_margin": 9.764705882352942,
      "z_pf": -0.3795814774289647,
      "z_fta": 0.5153656808352185,
      "p_pf": 0.7042561124000521,
      "p_fta": 0.6062975096634422,
      "p_holm_pf": 1.0,
      "p_holm_fta": 1.0
    },
    {
      "ref_code": "OJLL",
      "ref_name": "DIFALLAH, MEHDI",
      "ref_country": "FRA",
      "n_games": 30,
      "mean_pf_diff": -1.0333333333333334,
      "lo_pf_diff": -2.3508333333333336,
      "hi_pf_diff": 0.3841666666666659,
      "mean_fta_diff": 1.5666666666666667,
      "lo_fta_diff": -1.2841666666666667,
      "hi_fta_diff": 4.317499999999999,
      "mean_home_margin": 3.1,
      "lo_home_margin": -1.6224999999999996,
      "hi_home_margin": 8.350833333333332,
      "z_pf": -0.1780346749911293,