{
  "elo_logistic": {
    "accuracy": 0.6454545454545455,
    "log_loss": 0.6217411276744832,
    "brier": 0.21781297177117317
  },
  "team_season_fe": {
    "accuracy": 0.6181818181818182,
    "log_loss": 0.6650444347254125,
    "brier": 0.23607833943185785
  }
}