{
  "regime_stats": {
    "pre": {
      "mean": 3.8309037900874636,
      "lo": 3.0455539358600587,
      "hi": 4.589115646258503,
      "n": 1029
    },
    "covid": {
      "mean": 3.3344827586206898,
      "lo": 2.314870689655172,
      "hi": 4.457112068965517,
      "n": 580
    },
    "post": {
      "mean": 3.9425465838509317,
      "lo": 3.242604813664596,
      "hi": 4.630434782608695,
      "n": 1288
    }
  },
  "did": {
    "covid - pre": {
      "mean": -0.49642103146677385,
      "lo": -1.7842406839583127,
      "hi": 0.7680705656646892
    },
    "post - covid": {
      "mean": 0.6080638252302419,
      "lo": -0.6338127811094451,
      "hi": 1.921068751338616
    },
    "post - pre": {
      "mean": 0.11164279376346808,
      "lo": -0.982284536485402,
      "hi": 1.1923553893607135
    }
  }
}