{
  "regime_stats": {
    "pre": {
      "mean": 3.8309037900874636,
      "lo": 3.0310009718172983,
      "hi": 4.617225461613217,
      "n": 1029
    },
    "covid": {
      "mean": 3.3344827586206898,
      "lo": 2.2154741379310345,
      "hi": 4.4087499999999995,
      "n": 580
    },
    "post": {
      "mean": 3.8070701018574,
      "lo": 3.2257789095266625,
      "hi": 4.421809466746555,
      "n": 1669
    }
  },
  "did": {
    "covid - pre": {
      "mean": -0.49642103146677385,
      "lo": -1.7157705422070302,
      "hi": 0.8412065195536343
    },
    "post - covid": {
      "mean": 0.47258734323671003,
      "lo": -0.7073180564451146,
      "hi": 1.682618592591062
    },
    "post - pre": {
      "mean": -0.02383368823006382,
      "lo": -1.0273717378760114,
      "hi": 0.9982961899987247
    }
  }
}