{
  "elo_logistic": {
    "accuracy": 0.6272965879265092,
    "log_loss": 0.6372109874160318,
    "brier": 0.2237645787930704
  },
  "team_season_fe": {
    "accuracy": 0.6377952755905512,
    "log_loss": 0.6550896884765627,
    "brier": 0.2312054578168131
  }
}